NRO,CODIGO,NOMBRE DE CENTRO ESCOLAR,TAMAÑO,MATRICULA,ITEM,TIPO,CATEGORIA,CANTIDAD
5,11492,"COMPLEJO EDUCATIVO ""IGNACIO PACHECO CASTRO""",GRANDE,2102,CAJAS,CAJAS,PARVULARIA 4,8
7,11559,"ESCUELA DE EDUCACION PARVULARIA ""SAN JACINTO""",PEQUEÑA,32,CAJAS,CAJAS,PARVULARIA 4,19
5,11492,"COMPLEJO EDUCATIVO ""IGNACIO PACHECO CASTRO""",GRANDE,2102,CAJAS,CAJAS,PARVULARIA 5,2
8,11563,"ESCUELA DE EDUCACION PARVULARIA "" COLONIA ATONALT """,PEQUEÑA,14,CAJAS,CAJAS,PARVULARIA 5,1
9,11570,"ESCUELA DE EDUCACION PARVULARIA ""SAN MIGUELITO""",PEQUEÑA,42,CAJAS,CAJAS,PARVULARIA 5,2
10,11576,"ESCUELA DE EDUCACION PARVULARIA ""COLONIA CENTRO AMERICA""",PEQUEÑA,65,CAJAS,CAJAS,PARVULARIA 5,4
26,86396,CENTRO ESCOLAR CANTÓN SUCHINANGO,PEQUEÑA,45,CAJAS,CAJAS,PARVULARIA 5,2
27,88050,"ESCUELA DE EDUCACIÓN PARVULARIA CATÓLICA ""MARGARITA NASEAU""",PEQUEÑA,44,CAJAS,CAJAS,PARVULARIA 5,2
29,88138,"ESCUELA DE EDUCACIÓN ESPECIAL CATÓLICA ""PADRE VITO GUARATO""",PEQUEÑA,59,CAJAS,CAJAS,PARVULARIA 5,30
5,11492,"COMPLEJO EDUCATIVO ""IGNACIO PACHECO CASTRO""",GRANDE,2102,CAJAS,CAJAS,PARVULARIA 6,5
7,11559,"ESCUELA DE EDUCACION PARVULARIA ""SAN JACINTO""",PEQUEÑA,32,CAJAS,CAJAS,PARVULARIA 6,1
8,11563,"ESCUELA DE EDUCACION PARVULARIA "" COLONIA ATONALT """,PEQUEÑA,14,CAJAS,CAJAS,PARVULARIA 6,1
9,11570,"ESCUELA DE EDUCACION PARVULARIA ""SAN MIGUELITO""",PEQUEÑA,42,CAJAS,CAJAS,PARVULARIA 6,2
10,11576,"ESCUELA DE EDUCACION PARVULARIA ""COLONIA CENTRO AMERICA""",PEQUEÑA,65,CAJAS,CAJAS,PARVULARIA 6,2
26,86396,CENTRO ESCOLAR CANTÓN SUCHINANGO,PEQUEÑA,45,CAJAS,CAJAS,PARVULARIA 6,1
27,88050,"ESCUELA DE EDUCACIÓN PARVULARIA CATÓLICA ""MARGARITA NASEAU""",PEQUEÑA,44,CAJAS,CAJAS,PARVULARIA 6,1
29,88138,"ESCUELA DE EDUCACIÓN ESPECIAL CATÓLICA ""PADRE VITO GUARATO""",PEQUEÑA,59,CAJAS,CAJAS,PARVULARIA 6,20
5,11492,"COMPLEJO EDUCATIVO ""IGNACIO PACHECO CASTRO""",GRANDE,2102,CAJAS,CAJAS,PRIMER GRADO,7
5,11492,"COMPLEJO EDUCATIVO ""IGNACIO PACHECO CASTRO""",GRANDE,2102,CAJAS,CAJAS,SEGUNDO GRADO,4
22,70094,"CENTRO ESCOLAR CASERÍO COMUNIDAD LOS HEROES, CANTÓN LAS FLORES",PEQUEÑA,51,CAJAS,CAJAS,SEGUNDO GRADO,1
5,11492,"COMPLEJO EDUCATIVO ""IGNACIO PACHECO CASTRO""",GRANDE,2102,CAJAS,CAJAS,SEXTO GRADO,6
16,11763,"COMPLEJO EDUCATIVO ""DOCTOR ORLANDO DE SOLA"".",GRANDE,1445,CAJAS,CAJAS,SEPTIMO GRADO,1
5,11492,"COMPLEJO EDUCATIVO ""IGNACIO PACHECO CASTRO""",GRANDE,2102,CAJAS,CAJAS,2DO AÑO BACHILLERATO,52
5,11492,"COMPLEJO EDUCATIVO ""IGNACIO PACHECO CASTRO""",GRANDE,2102,CAJAS,CAJAS,3ER AÑO BACHILLERATO,48
4,13713,"CENTRO ESCOLAR ""URBANIZACION LAS MARGARITAS "" ",GRANDE,1509,UNIFORMES,CAMISA BLANCA,T6,70
2,11345,"CENTRO ESCOLAR ""BENJAMIN BLOOM",GRANDE,1015,UNIFORMES,CAMISA BLANCA,T8,26
16,11763,"COMPLEJO EDUCATIVO ""DOCTOR ORLANDO DE SOLA"".",GRANDE,1445,UNIFORMES,CAMISA BLANCA,T8,6
18,70026,"COMPLEJO EDUCATIVO ""SAN BARTOLOMÉ APÓSTOL""",GRANDE,1505,UNIFORMES,CAMISA BLANCA,T8,6
28,88103,"CENTRO ESCOLAR CATÓLICO ""NUESTRA SEÑORA DE LOS DOLORES”.",PEQUEÑA,49,UNIFORMES,CAMISA BLANCA,T8,4
2,11345,"CENTRO ESCOLAR ""BENJAMIN BLOOM",GRANDE,1015,UNIFORMES,CAMISA BLANCA,T10,58
4,13713,"CENTRO ESCOLAR ""URBANIZACION LAS MARGARITAS "" ",GRANDE,1509,UNIFORMES,CAMISA BLANCA,T10,140
16,11763,"COMPLEJO EDUCATIVO ""DOCTOR ORLANDO DE SOLA"".",GRANDE,1445,UNIFORMES,CAMISA BLANCA,T10,20
18,70026,"COMPLEJO EDUCATIVO ""SAN BARTOLOMÉ APÓSTOL""",GRANDE,1505,UNIFORMES,CAMISA BLANCA,T10,20
21,70088,"CENTRO ESCOLAR ""DOCTORA MATILDE ELENA LÓPEZ"".",PEQUEÑA,40,UNIFORMES,CAMISA BLANCA,T10,3
22,70094,"CENTRO ESCOLAR CASERÍO COMUNIDAD LOS HEROES, CANTÓN LAS FLORES",PEQUEÑA,51,UNIFORMES,CAMISA BLANCA,T10,2
26,86396,CENTRO ESCOLAR CANTÓN SUCHINANGO,PEQUEÑA,45,UNIFORMES,CAMISA BLANCA,T10,2
28,88103,"CENTRO ESCOLAR CATÓLICO ""NUESTRA SEÑORA DE LOS DOLORES”.",PEQUEÑA,49,UNIFORMES,CAMISA BLANCA,T10,4
2,11345,"CENTRO ESCOLAR ""BENJAMIN BLOOM",GRANDE,1015,UNIFORMES,CAMISA BLANCA,T12,168
4,13713,"CENTRO ESCOLAR ""URBANIZACION LAS MARGARITAS "" ",GRANDE,1509,UNIFORMES,CAMISA BLANCA,T12,140
5,11492,"COMPLEJO EDUCATIVO ""IGNACIO PACHECO CASTRO""",GRANDE,2102,UNIFORMES,CAMISA BLANCA,T12,320
15,11669,"CENTRO ESCOLAR ""GENERAL RAMON BELLOSO"" ",MEDIANA,300,UNIFORMES,CAMISA BLANCA,T12,10
16,11763,"COMPLEJO EDUCATIVO ""DOCTOR ORLANDO DE SOLA"".",GRANDE,1445,UNIFORMES,CAMISA BLANCA,T12,34
17,70018,"CENTRO ESCOLAR CASERÍO EL VERDIO, CANTÓN SAN ANTONIO GRANDE",PEQUEÑA,18,UNIFORMES,CAMISA BLANCA,T12,2
18,70026,"COMPLEJO EDUCATIVO ""SAN BARTOLOMÉ APÓSTOL""",GRANDE,1505,UNIFORMES,CAMISA BLANCA,T12,140
20,70071,"CENTRO ESCOLAR CASERÍO LOS PLANES, CANTÓN JOYA GRANDE",PEQUEÑA,46,UNIFORMES,CAMISA BLANCA,T12,2
21,70088,"CENTRO ESCOLAR ""DOCTORA MATILDE ELENA LÓPEZ"".",PEQUEÑA,40,UNIFORMES,CAMISA BLANCA,T12,3
22,70094,"CENTRO ESCOLAR CASERÍO COMUNIDAD LOS HEROES, CANTÓN LAS FLORES",PEQUEÑA,51,UNIFORMES,CAMISA BLANCA,T12,6
24,86326,"CENTRO ESCOLAR CASERÍO LA LOMA, CANTÓN EL TRANSITO 1",PEQUEÑA,33,UNIFORMES,CAMISA BLANCA,T12,2
26,86396,CENTRO ESCOLAR CANTÓN SUCHINANGO,PEQUEÑA,45,UNIFORMES,CAMISA BLANCA,T12,4
28,88103,"CENTRO ESCOLAR CATÓLICO ""NUESTRA SEÑORA DE LOS DOLORES”.",PEQUEÑA,49,UNIFORMES,CAMISA BLANCA,T12,18
2,11345,"CENTRO ESCOLAR ""BENJAMIN BLOOM",GRANDE,1015,UNIFORMES,CAMISA BLANCA,T14,230
4,13713,"CENTRO ESCOLAR ""URBANIZACION LAS MARGARITAS "" ",GRANDE,1509,UNIFORMES,CAMISA BLANCA,T14,200
5,11492,"COMPLEJO EDUCATIVO ""IGNACIO PACHECO CASTRO""",GRANDE,2102,UNIFORMES,CAMISA BLANCA,T14,340
15,11669,"CENTRO ESCOLAR ""GENERAL RAMON BELLOSO"" ",MEDIANA,300,UNIFORMES,CAMISA BLANCA,T14,26
16,11763,"COMPLEJO EDUCATIVO ""DOCTOR ORLANDO DE SOLA"".",GRANDE,1445,UNIFORMES,CAMISA BLANCA,T14,60
17,70018,"CENTRO ESCOLAR CASERÍO EL VERDIO, CANTÓN SAN ANTONIO GRANDE",PEQUEÑA,18,UNIFORMES,CAMISA BLANCA,T14,2
18,70026,"COMPLEJO EDUCATIVO ""SAN BARTOLOMÉ APÓSTOL""",GRANDE,1505,UNIFORMES,CAMISA BLANCA,T14,268
20,70071,"CENTRO ESCOLAR CASERÍO LOS PLANES, CANTÓN JOYA GRANDE",PEQUEÑA,46,UNIFORMES,CAMISA BLANCA,T14,4
21,70088,"CENTRO ESCOLAR ""DOCTORA MATILDE ELENA LÓPEZ"".",PEQUEÑA,40,UNIFORMES,CAMISA BLANCA,T14,2
23,86325,"CENTRO ESCOLAR ""CANTON TIERRA BLANCA""",PEQUEÑA,13,UNIFORMES,CAMISA BLANCA,T14,4
24,86326,"CENTRO ESCOLAR CASERÍO LA LOMA, CANTÓN EL TRANSITO 1",PEQUEÑA,33,UNIFORMES,CAMISA BLANCA,T14,4
25,86330,CENTRO ESCOLAR CANTÓN EL JUTILLO,PEQUEÑA,62,UNIFORMES,CAMISA BLANCA,T14,2
26,86396,CENTRO ESCOLAR CANTÓN SUCHINANGO,PEQUEÑA,45,UNIFORMES,CAMISA BLANCA,T14,6
28,88103,"CENTRO ESCOLAR CATÓLICO ""NUESTRA SEÑORA DE LOS DOLORES”.",PEQUEÑA,49,UNIFORMES,CAMISA BLANCA,T14,10
2,11345,"CENTRO ESCOLAR ""BENJAMIN BLOOM",GRANDE,1015,UNIFORMES,CAMISA BLANCA,T16,180
4,13713,"CENTRO ESCOLAR ""URBANIZACION LAS MARGARITAS "" ",GRANDE,1509,UNIFORMES,CAMISA BLANCA,T16,200
15,11669,"CENTRO ESCOLAR ""GENERAL RAMON BELLOSO"" ",MEDIANA,300,UNIFORMES,CAMISA BLANCA,T16,26
16,11763,"COMPLEJO EDUCATIVO ""DOCTOR ORLANDO DE SOLA"".",GRANDE,1445,UNIFORMES,CAMISA BLANCA,T16,58
17,70018,"CENTRO ESCOLAR CASERÍO EL VERDIO, CANTÓN SAN ANTONIO GRANDE",PEQUEÑA,18,UNIFORMES,CAMISA BLANCA,T16,2
18,70026,"COMPLEJO EDUCATIVO ""SAN BARTOLOMÉ APÓSTOL""",GRANDE,1505,UNIFORMES,CAMISA BLANCA,T16,130
21,70088,"CENTRO ESCOLAR ""DOCTORA MATILDE ELENA LÓPEZ"".",PEQUEÑA,40,UNIFORMES,CAMISA BLANCA,T16,4
24,86326,"CENTRO ESCOLAR CASERÍO LA LOMA, CANTÓN EL TRANSITO 1",PEQUEÑA,33,UNIFORMES,CAMISA BLANCA,T16,2
26,86396,CENTRO ESCOLAR CANTÓN SUCHINANGO,PEQUEÑA,45,UNIFORMES,CAMISA BLANCA,T16,8
28,88103,"CENTRO ESCOLAR CATÓLICO ""NUESTRA SEÑORA DE LOS DOLORES”.",PEQUEÑA,49,UNIFORMES,CAMISA BLANCA,T16,2
29,88138,"ESCUELA DE EDUCACIÓN ESPECIAL CATÓLICA ""PADRE VITO GUARATO""",PEQUEÑA,59,UNIFORMES,CAMISA BLANCA,T16,36
30,90055,"CENTRO ESCOLAR ""4 DE OCTUBRE 2007""",PEQUEÑA,47,UNIFORMES,CAMISA BLANCA,T16,4
2,11345,"CENTRO ESCOLAR ""BENJAMIN BLOOM",GRANDE,1015,UNIFORMES,CAMISA BLANCA,T18,118
4,13713,"CENTRO ESCOLAR ""URBANIZACION LAS MARGARITAS "" ",GRANDE,1509,UNIFORMES,CAMISA BLANCA,T18,200
15,11669,"CENTRO ESCOLAR ""GENERAL RAMON BELLOSO"" ",MEDIANA,300,UNIFORMES,CAMISA BLANCA,T18,10
16,11763,"COMPLEJO EDUCATIVO ""DOCTOR ORLANDO DE SOLA"".",GRANDE,1445,UNIFORMES,CAMISA BLANCA,T18,36
18,70026,"COMPLEJO EDUCATIVO ""SAN BARTOLOMÉ APÓSTOL""",GRANDE,1505,UNIFORMES,CAMISA BLANCA,T18,106
20,70071,"CENTRO ESCOLAR CASERÍO LOS PLANES, CANTÓN JOYA GRANDE",PEQUEÑA,46,UNIFORMES,CAMISA BLANCA,T18,2
22,70094,"CENTRO ESCOLAR CASERÍO COMUNIDAD LOS HEROES, CANTÓN LAS FLORES",PEQUEÑA,51,UNIFORMES,CAMISA BLANCA,T18,2
28,88103,"CENTRO ESCOLAR CATÓLICO ""NUESTRA SEÑORA DE LOS DOLORES”.",PEQUEÑA,49,UNIFORMES,CAMISA BLANCA,T18,2
29,88138,"ESCUELA DE EDUCACIÓN ESPECIAL CATÓLICA ""PADRE VITO GUARATO""",PEQUEÑA,59,UNIFORMES,CAMISA BLANCA,T18,32
30,90055,"CENTRO ESCOLAR ""4 DE OCTUBRE 2007""",PEQUEÑA,47,UNIFORMES,CAMISA BLANCA,T18,12
2,11345,"CENTRO ESCOLAR ""BENJAMIN BLOOM",GRANDE,1015,UNIFORMES,CAMISA BLANCA,T20,60
4,13713,"CENTRO ESCOLAR ""URBANIZACION LAS MARGARITAS "" ",GRANDE,1509,UNIFORMES,CAMISA BLANCA,T20,150
5,11492,"COMPLEJO EDUCATIVO ""IGNACIO PACHECO CASTRO""",GRANDE,2102,UNIFORMES,CAMISA BLANCA,T20,184
15,11669,"CENTRO ESCOLAR ""GENERAL RAMON BELLOSO"" ",MEDIANA,300,UNIFORMES,CAMISA BLANCA,T20,4
16,11763,"COMPLEJO EDUCATIVO ""DOCTOR ORLANDO DE SOLA"".",GRANDE,1445,UNIFORMES,CAMISA BLANCA,T20,30
18,70026,"COMPLEJO EDUCATIVO ""SAN BARTOLOMÉ APÓSTOL""",GRANDE,1505,UNIFORMES,CAMISA BLANCA,T20,78
21,70088,"CENTRO ESCOLAR ""DOCTORA MATILDE ELENA LÓPEZ"".",PEQUEÑA,40,UNIFORMES,CAMISA BLANCA,T20,1
22,70094,"CENTRO ESCOLAR CASERÍO COMUNIDAD LOS HEROES, CANTÓN LAS FLORES",PEQUEÑA,51,UNIFORMES,CAMISA BLANCA,T20,2
29,88138,"ESCUELA DE EDUCACIÓN ESPECIAL CATÓLICA ""PADRE VITO GUARATO""",PEQUEÑA,59,UNIFORMES,CAMISA BLANCA,T20,4
30,90055,"CENTRO ESCOLAR ""4 DE OCTUBRE 2007""",PEQUEÑA,47,UNIFORMES,CAMISA BLANCA,T20,16
2,11345,"CENTRO ESCOLAR ""BENJAMIN BLOOM",GRANDE,1015,UNIFORMES,CAMISA BLANCA,T22,20
4,13713,"CENTRO ESCOLAR ""URBANIZACION LAS MARGARITAS "" ",GRANDE,1509,UNIFORMES,CAMISA BLANCA,T22,150
5,11492,"COMPLEJO EDUCATIVO ""IGNACIO PACHECO CASTRO""",GRANDE,2102,UNIFORMES,CAMISA BLANCA,T22,140
15,11669,"CENTRO ESCOLAR ""GENERAL RAMON BELLOSO"" ",MEDIANA,300,UNIFORMES,CAMISA BLANCA,T22,4
16,11763,"COMPLEJO EDUCATIVO ""DOCTOR ORLANDO DE SOLA"".",GRANDE,1445,UNIFORMES,CAMISA BLANCA,T22,4
18,70026,"COMPLEJO EDUCATIVO ""SAN BARTOLOMÉ APÓSTOL""",GRANDE,1505,UNIFORMES,CAMISA BLANCA,T22,40
29,88138,"ESCUELA DE EDUCACIÓN ESPECIAL CATÓLICA ""PADRE VITO GUARATO""",PEQUEÑA,59,UNIFORMES,CAMISA BLANCA,T22,4
30,90055,"CENTRO ESCOLAR ""4 DE OCTUBRE 2007""",PEQUEÑA,47,UNIFORMES,CAMISA BLANCA,T22,20
2,11345,"CENTRO ESCOLAR ""BENJAMIN BLOOM",GRANDE,1015,UNIFORMES,CAMISA BLANCA,T1X,10
4,13713,"CENTRO ESCOLAR ""URBANIZACION LAS MARGARITAS "" ",GRANDE,1509,UNIFORMES,CAMISA BLANCA,T1X,80
5,11492,"COMPLEJO EDUCATIVO ""IGNACIO PACHECO CASTRO""",GRANDE,2102,UNIFORMES,CAMISA BLANCA,T1X,16
15,11669,"CENTRO ESCOLAR ""GENERAL RAMON BELLOSO"" ",MEDIANA,300,UNIFORMES,CAMISA BLANCA,T1X,8
16,11763,"COMPLEJO EDUCATIVO ""DOCTOR ORLANDO DE SOLA"".",GRANDE,1445,UNIFORMES,CAMISA BLANCA,T1X,4
18,70026,"COMPLEJO EDUCATIVO ""SAN BARTOLOMÉ APÓSTOL""",GRANDE,1505,UNIFORMES,CAMISA BLANCA,T1X,22
29,88138,"ESCUELA DE EDUCACIÓN ESPECIAL CATÓLICA ""PADRE VITO GUARATO""",PEQUEÑA,59,UNIFORMES,CAMISA BLANCA,T1X,6
30,90055,"CENTRO ESCOLAR ""4 DE OCTUBRE 2007""",PEQUEÑA,47,UNIFORMES,CAMISA BLANCA,T1X,2
2,11345,"CENTRO ESCOLAR ""BENJAMIN BLOOM",GRANDE,1015,UNIFORMES,CAMISA BLANCA,T2X,4
4,13713,"CENTRO ESCOLAR ""URBANIZACION LAS MARGARITAS "" ",GRANDE,1509,UNIFORMES,CAMISA BLANCA,T2X,80
5,11492,"COMPLEJO EDUCATIVO ""IGNACIO PACHECO CASTRO""",GRANDE,2102,UNIFORMES,CAMISA BLANCA,T2X,16
16,11763,"COMPLEJO EDUCATIVO ""DOCTOR ORLANDO DE SOLA"".",GRANDE,1445,UNIFORMES,CAMISA BLANCA,T2X,6
18,70026,"COMPLEJO EDUCATIVO ""SAN BARTOLOMÉ APÓSTOL""",GRANDE,1505,UNIFORMES,CAMISA BLANCA,T2X,20
30,90055,"CENTRO ESCOLAR ""4 DE OCTUBRE 2007""",PEQUEÑA,47,UNIFORMES,CAMISA BLANCA,T2X,7
2,11345,"CENTRO ESCOLAR ""BENJAMIN BLOOM",GRANDE,1015,UNIFORMES,CAMISA CELESTE,T4,6
4,13713,"CENTRO ESCOLAR ""URBANIZACION LAS MARGARITAS "" ",GRANDE,1509,UNIFORMES,CAMISA CELESTE,T4,40
5,11492,"COMPLEJO EDUCATIVO ""IGNACIO PACHECO CASTRO""",GRANDE,2102,UNIFORMES,CAMISA CELESTE,T4,18
7,11559,"ESCUELA DE EDUCACION PARVULARIA ""SAN JACINTO""",PEQUEÑA,32,UNIFORMES,CAMISA CELESTE,T4,38
10,11576,"ESCUELA DE EDUCACION PARVULARIA ""COLONIA CENTRO AMERICA""",PEQUEÑA,65,UNIFORMES,CAMISA CELESTE,T4,18
11,11604,"SAN SALVADOR SAN SALVADOR 11604 ESCUELA DE EDUCACION PARVULARIA ""PROFESORA LUISA MORAN CASTRO"" ",PEQUEÑA,76,UNIFORMES,CAMISA CELESTE,T4,26
12,11607,"ESCUELA DE EDUCACION PARVULARIA ""PROFESORA MARIA ESCOBAR GRANILLO""",PEQUEÑA,43,UNIFORMES,CAMISA CELESTE,T4,18
13,11611,"ESCUELA DE EDUCACION PARVULARIA ""JORGE LARDE"".",PEQUEÑA,47,UNIFORMES,CAMISA CELESTE,T4,1
18,70026,"COMPLEJO EDUCATIVO ""SAN BARTOLOMÉ APÓSTOL""",GRANDE,1505,UNIFORMES,CAMISA CELESTE,T4,32
25,86330,CENTRO ESCOLAR CANTÓN EL JUTILLO,PEQUEÑA,62,UNIFORMES,CAMISA CELESTE,T4,2
1,10162,ESCUELA DE EDUCACION PARVULARIA SAN JACINTO,PEQUEÑA,19,UNIFORMES,CAMISA CELESTE,T6,12
2,11345,"CENTRO ESCOLAR ""BENJAMIN BLOOM",GRANDE,1015,UNIFORMES,CAMISA CELESTE,T6,2
4,13713,"CENTRO ESCOLAR ""URBANIZACION LAS MARGARITAS "" ",GRANDE,1509,UNIFORMES,CAMISA CELESTE,T6,40
6,11554,"ESCUELA DE EDUCACION PARVULARIA "" LAS ABEJITAS",PEQUEÑA,53,UNIFORMES,CAMISA CELESTE,T6,2
7,11559,"ESCUELA DE EDUCACION PARVULARIA ""SAN JACINTO""",PEQUEÑA,32,UNIFORMES,CAMISA CELESTE,T6,2
12,11607,"ESCUELA DE EDUCACION PARVULARIA ""PROFESORA MARIA ESCOBAR GRANILLO""",PEQUEÑA,43,UNIFORMES,CAMISA CELESTE,T6,2
13,11611,"ESCUELA DE EDUCACION PARVULARIA ""JORGE LARDE"".",PEQUEÑA,47,UNIFORMES,CAMISA CELESTE,T6,2
16,11763,"COMPLEJO EDUCATIVO ""DOCTOR ORLANDO DE SOLA"".",GRANDE,1445,UNIFORMES,CAMISA CELESTE,T6,2
18,70026,"COMPLEJO EDUCATIVO ""SAN BARTOLOMÉ APÓSTOL""",GRANDE,1505,UNIFORMES,CAMISA CELESTE,T6,16
1,10162,ESCUELA DE EDUCACION PARVULARIA SAN JACINTO,PEQUEÑA,19,UNIFORMES,CAMISA CELESTE,T8,4
2,11345,"CENTRO ESCOLAR ""BENJAMIN BLOOM",GRANDE,1015,UNIFORMES,CAMISA CELESTE,T8,4
9,11570,"ESCUELA DE EDUCACION PARVULARIA ""SAN MIGUELITO""",PEQUEÑA,42,UNIFORMES,CAMISA CELESTE,T8,2
18,70026,"COMPLEJO EDUCATIVO ""SAN BARTOLOMÉ APÓSTOL""",GRANDE,1505,UNIFORMES,CAMISA CELESTE,T8,6
21,70088,"CENTRO ESCOLAR ""DOCTORA MATILDE ELENA LÓPEZ"".",PEQUEÑA,40,UNIFORMES,CAMISA CELESTE,T8,2
1,10162,ESCUELA DE EDUCACION PARVULARIA SAN JACINTO,PEQUEÑA,19,UNIFORMES,CAMISA CELESTE,T10,6
4,13713,"CENTRO ESCOLAR ""URBANIZACION LAS MARGARITAS "" ",GRANDE,1509,UNIFORMES,CAMISA CELESTE,T10,60
6,11554,"ESCUELA DE EDUCACION PARVULARIA "" LAS ABEJITAS",PEQUEÑA,53,UNIFORMES,CAMISA CELESTE,T10,2
3,11368,"ESCUELA DE EDUCACION PARVULARIA ""MARIA AUXILIADORA""",PEQUEÑA,62,UNIFORMES,CAMISA CELESTE,T12,2
6,11554,"ESCUELA DE EDUCACION PARVULARIA "" LAS ABEJITAS",PEQUEÑA,53,UNIFORMES,CAMISA CELESTE,T12,2
14,11617,"ESCUELA DE EDUCACION PARVULARIA ""CAPITAN GENERAL GERARDO BARRIOS""",PEQUEÑA,70,UNIFORMES,CAMISA CELESTE,T12,2
18,70026,"COMPLEJO EDUCATIVO ""SAN BARTOLOMÉ APÓSTOL""",GRANDE,1505,UNIFORMES,CAMISA CELESTE,T12,4
16,11763,"COMPLEJO EDUCATIVO ""DOCTOR ORLANDO DE SOLA"".",GRANDE,1445,UNIFORMES,CAMISA CELESTE,T14,2
28,88103,"CENTRO ESCOLAR CATÓLICO ""NUESTRA SEÑORA DE LOS DOLORES”.",PEQUEÑA,49,UNIFORMES,CAMISA CELESTE,T16,2
2,11345,"CENTRO ESCOLAR ""BENJAMIN BLOOM",GRANDE,1015,UNIFORMES,FALDA AZUL CON ELASTICO,T4,10
4,13713,"CENTRO ESCOLAR ""URBANIZACION LAS MARGARITAS "" ",GRANDE,1509,UNIFORMES,FALDA AZUL CON ELASTICO,T4,20
5,11492,"COMPLEJO EDUCATIVO ""IGNACIO PACHECO CASTRO""",GRANDE,2102,UNIFORMES,FALDA AZUL CON ELASTICO,T4,8
7,11559,"ESCUELA DE EDUCACION PARVULARIA ""SAN JACINTO""",PEQUEÑA,32,UNIFORMES,FALDA AZUL CON ELASTICO,T4,28
10,11576,"ESCUELA DE EDUCACION PARVULARIA ""COLONIA CENTRO AMERICA""",PEQUEÑA,65,UNIFORMES,FALDA AZUL CON ELASTICO,T4,16
11,11604,"SAN SALVADOR SAN SALVADOR 11604 ESCUELA DE EDUCACION PARVULARIA ""PROFESORA LUISA MORAN CASTRO"" ",PEQUEÑA,76,UNIFORMES,FALDA AZUL CON ELASTICO,T4,16
12,11607,"ESCUELA DE EDUCACION PARVULARIA ""PROFESORA MARIA ESCOBAR GRANILLO""",PEQUEÑA,43,UNIFORMES,FALDA AZUL CON ELASTICO,T4,8
18,70026,"COMPLEJO EDUCATIVO ""SAN BARTOLOMÉ APÓSTOL""",GRANDE,1505,UNIFORMES,FALDA AZUL CON ELASTICO,T4,26
25,86330,CENTRO ESCOLAR CANTÓN EL JUTILLO,PEQUEÑA,62,UNIFORMES,FALDA AZUL CON ELASTICO,T4,2
1,10162,ESCUELA DE EDUCACION PARVULARIA SAN JACINTO,PEQUEÑA,19,UNIFORMES,FALDA AZUL CON ELASTICO,T6,4
2,11345,"CENTRO ESCOLAR ""BENJAMIN BLOOM",GRANDE,1015,UNIFORMES,FALDA AZUL CON ELASTICO,T6,4
3,11368,"ESCUELA DE EDUCACION PARVULARIA ""MARIA AUXILIADORA""",PEQUEÑA,62,UNIFORMES,FALDA AZUL CON ELASTICO,T6,2
4,13713,"CENTRO ESCOLAR ""URBANIZACION LAS MARGARITAS "" ",GRANDE,1509,UNIFORMES,FALDA AZUL CON ELASTICO,T6,20
5,11492,"COMPLEJO EDUCATIVO ""IGNACIO PACHECO CASTRO""",GRANDE,2102,UNIFORMES,FALDA AZUL CON ELASTICO,T6,20
6,11554,"ESCUELA DE EDUCACION PARVULARIA "" LAS ABEJITAS",PEQUEÑA,53,UNIFORMES,FALDA AZUL CON ELASTICO,T6,2
18,70026,"COMPLEJO EDUCATIVO ""SAN BARTOLOMÉ APÓSTOL""",GRANDE,1505,UNIFORMES,FALDA AZUL CON ELASTICO,T6,14
24,86326,"CENTRO ESCOLAR CASERÍO LA LOMA, CANTÓN EL TRANSITO 1",PEQUEÑA,33,UNIFORMES,FALDA AZUL CON ELASTICO,T6,2
25,86330,CENTRO ESCOLAR CANTÓN EL JUTILLO,PEQUEÑA,62,UNIFORMES,FALDA AZUL CON ELASTICO,T6,4
4,13713,"CENTRO ESCOLAR ""URBANIZACION LAS MARGARITAS "" ",GRANDE,1509,UNIFORMES,FALDA AZUL CON ELASTICO,T8,24
9,11570,"ESCUELA DE EDUCACION PARVULARIA ""SAN MIGUELITO""",PEQUEÑA,42,UNIFORMES,FALDA AZUL CON ELASTICO,T8,2
4,13713,"CENTRO ESCOLAR ""URBANIZACION LAS MARGARITAS "" ",GRANDE,1509,UNIFORMES,FALDA AZUL CON ELASTICO,T10,30
18,70026,"COMPLEJO EDUCATIVO ""SAN BARTOLOMÉ APÓSTOL""",GRANDE,1505,UNIFORMES,FALDA AZUL CON ELASTICO,T10,4
3,11368,"ESCUELA DE EDUCACION PARVULARIA ""MARIA AUXILIADORA""",PEQUEÑA,62,UNIFORMES,FALDA AZUL CON ELASTICO,T12,2
18,70026,"COMPLEJO EDUCATIVO ""SAN BARTOLOMÉ APÓSTOL""",GRANDE,1505,UNIFORMES,FALDA AZUL CON ELASTICO,T14,4
18,70026,"COMPLEJO EDUCATIVO ""SAN BARTOLOMÉ APÓSTOL""",GRANDE,1505,UNIFORMES,FALDA AZUL CON ELASTICO,T16,2
19,70065,CENTRO ESCOLAR CANTÓN SAN JOSÉ SEGUNDO,PEQUEÑA,18,UNIFORMES,FALDA AZUL CON ELASTICO,T16,2
29,88138,"ESCUELA DE EDUCACIÓN ESPECIAL CATÓLICA ""PADRE VITO GUARATO""",PEQUEÑA,59,UNIFORMES,FALDA AZUL CON ELASTICO,T20,20
29,88138,"ESCUELA DE EDUCACIÓN ESPECIAL CATÓLICA ""PADRE VITO GUARATO""",PEQUEÑA,59,UNIFORMES,FALDA AZUL CON ELASTICO,T22,12
29,88138,"ESCUELA DE EDUCACIÓN ESPECIAL CATÓLICA ""PADRE VITO GUARATO""",PEQUEÑA,59,UNIFORMES,FALDA AZUL CON ELASTICO,T1X,6
29,88138,"ESCUELA DE EDUCACIÓN ESPECIAL CATÓLICA ""PADRE VITO GUARATO""",PEQUEÑA,59,UNIFORMES,FALDA AZUL CON ELASTICO,T2X,10
2,11345,"CENTRO ESCOLAR ""BENJAMIN BLOOM",GRANDE,1015,UNIFORMES,SHORT AZUL,T4,2
4,13713,"CENTRO ESCOLAR ""URBANIZACION LAS MARGARITAS "" ",GRANDE,1509,UNIFORMES,SHORT AZUL,T4,20
7,11559,"ESCUELA DE EDUCACION PARVULARIA ""SAN JACINTO""",PEQUEÑA,32,UNIFORMES,SHORT AZUL,T4,10
10,11576,"ESCUELA DE EDUCACION PARVULARIA ""COLONIA CENTRO AMERICA""",PEQUEÑA,65,UNIFORMES,SHORT AZUL,T4,2
11,11604,"SAN SALVADOR SAN SALVADOR 11604 ESCUELA DE EDUCACION PARVULARIA ""PROFESORA LUISA MORAN CASTRO"" ",PEQUEÑA,76,UNIFORMES,SHORT AZUL,T4,10
12,11607,"ESCUELA DE EDUCACION PARVULARIA ""PROFESORA MARIA ESCOBAR GRANILLO""",PEQUEÑA,43,UNIFORMES,SHORT AZUL,T4,10
13,11611,"ESCUELA DE EDUCACION PARVULARIA ""JORGE LARDE"".",PEQUEÑA,47,UNIFORMES,SHORT AZUL,T4,2
18,70026,"COMPLEJO EDUCATIVO ""SAN BARTOLOMÉ APÓSTOL""",GRANDE,1505,UNIFORMES,SHORT AZUL,T4,14
25,86330,CENTRO ESCOLAR CANTÓN EL JUTILLO,PEQUEÑA,62,UNIFORMES,SHORT AZUL,T4,2
1,10162,ESCUELA DE EDUCACION PARVULARIA SAN JACINTO,PEQUEÑA,19,UNIFORMES,SHORT AZUL,T6,5
2,11345,"CENTRO ESCOLAR ""BENJAMIN BLOOM",GRANDE,1015,UNIFORMES,SHORT AZUL,T6,2
4,13713,"CENTRO ESCOLAR ""URBANIZACION LAS MARGARITAS "" ",GRANDE,1509,UNIFORMES,SHORT AZUL,T6,20
7,11559,"ESCUELA DE EDUCACION PARVULARIA ""SAN JACINTO""",PEQUEÑA,32,UNIFORMES,SHORT AZUL,T6,1
9,11570,"ESCUELA DE EDUCACION PARVULARIA ""SAN MIGUELITO""",PEQUEÑA,42,UNIFORMES,SHORT AZUL,T6,2
12,11607,"ESCUELA DE EDUCACION PARVULARIA ""PROFESORA MARIA ESCOBAR GRANILLO""",PEQUEÑA,43,UNIFORMES,SHORT AZUL,T6,2
13,11611,"ESCUELA DE EDUCACION PARVULARIA ""JORGE LARDE"".",PEQUEÑA,47,UNIFORMES,SHORT AZUL,T6,4
14,11617,"ESCUELA DE EDUCACION PARVULARIA ""CAPITAN GENERAL GERARDO BARRIOS""",PEQUEÑA,70,UNIFORMES,SHORT AZUL,T6,2
16,11763,"COMPLEJO EDUCATIVO ""DOCTOR ORLANDO DE SOLA"".",GRANDE,1445,UNIFORMES,SHORT AZUL,T6,2
18,70026,"COMPLEJO EDUCATIVO ""SAN BARTOLOMÉ APÓSTOL""",GRANDE,1505,UNIFORMES,SHORT AZUL,T6,18
22,70094,"CENTRO ESCOLAR CASERÍO COMUNIDAD LOS HEROES, CANTÓN LAS FLORES",PEQUEÑA,51,UNIFORMES,SHORT AZUL,T6,2
28,88103,"CENTRO ESCOLAR CATÓLICO ""NUESTRA SEÑORA DE LOS DOLORES”.",PEQUEÑA,49,UNIFORMES,SHORT AZUL,T6,4
1,10162,ESCUELA DE EDUCACION PARVULARIA SAN JACINTO,PEQUEÑA,19,UNIFORMES,SHORT AZUL,T8,5
4,13713,"CENTRO ESCOLAR ""URBANIZACION LAS MARGARITAS "" ",GRANDE,1509,UNIFORMES,SHORT AZUL,T8,26
5,11492,"COMPLEJO EDUCATIVO ""IGNACIO PACHECO CASTRO""",GRANDE,2102,UNIFORMES,SHORT AZUL,T8,32
13,11611,"ESCUELA DE EDUCACION PARVULARIA ""JORGE LARDE"".",PEQUEÑA,47,UNIFORMES,SHORT AZUL,T8,2
18,70026,"COMPLEJO EDUCATIVO ""SAN BARTOLOMÉ APÓSTOL""",GRANDE,1505,UNIFORMES,SHORT AZUL,T8,4
4,13713,"CENTRO ESCOLAR ""URBANIZACION LAS MARGARITAS "" ",GRANDE,1509,UNIFORMES,SHORT AZUL,T10,30
18,70026,"COMPLEJO EDUCATIVO ""SAN BARTOLOMÉ APÓSTOL""",GRANDE,1505,UNIFORMES,SHORT AZUL,T12,6
16,11763,"COMPLEJO EDUCATIVO ""DOCTOR ORLANDO DE SOLA"".",GRANDE,1445,UNIFORMES,SHORT AZUL,T14,2
18,70026,"COMPLEJO EDUCATIVO ""SAN BARTOLOMÉ APÓSTOL""",GRANDE,1505,UNIFORMES,SHORT AZUL,T14,2
28,88103,"CENTRO ESCOLAR CATÓLICO ""NUESTRA SEÑORA DE LOS DOLORES”.",PEQUEÑA,49,UNIFORMES,SHORT AZUL,T16,2
2,11345,"CENTRO ESCOLAR ""BENJAMIN BLOOM",GRANDE,1015,UNIFORMES,PANTALON AZUL,T6,10
5,11492,"COMPLEJO EDUCATIVO ""IGNACIO PACHECO CASTRO""",GRANDE,2102,UNIFORMES,PANTALON AZUL,T6,32
18,70026,"COMPLEJO EDUCATIVO ""SAN BARTOLOMÉ APÓSTOL""",GRANDE,1505,UNIFORMES,PANTALON AZUL,T6,4
2,11345,"CENTRO ESCOLAR ""BENJAMIN BLOOM",GRANDE,1015,UNIFORMES,PANTALON AZUL,T8,38
5,11492,"COMPLEJO EDUCATIVO ""IGNACIO PACHECO CASTRO""",GRANDE,2102,UNIFORMES,PANTALON AZUL,T8,28
16,11763,"COMPLEJO EDUCATIVO ""DOCTOR ORLANDO DE SOLA"".",GRANDE,1445,UNIFORMES,PANTALON AZUL,T8,6
18,70026,"COMPLEJO EDUCATIVO ""SAN BARTOLOMÉ APÓSTOL""",GRANDE,1505,UNIFORMES,PANTALON AZUL,T8,10
25,86330,CENTRO ESCOLAR CANTÓN EL JUTILLO,PEQUEÑA,62,UNIFORMES,PANTALON AZUL,T8,2
28,88103,"CENTRO ESCOLAR CATÓLICO ""NUESTRA SEÑORA DE LOS DOLORES”.",PEQUEÑA,49,UNIFORMES,PANTALON AZUL,T8,4
2,11345,"CENTRO ESCOLAR ""BENJAMIN BLOOM",GRANDE,1015,UNIFORMES,PANTALON AZUL,T10,54
5,11492,"COMPLEJO EDUCATIVO ""IGNACIO PACHECO CASTRO""",GRANDE,2102,UNIFORMES,PANTALON AZUL,T10,66
16,11763,"COMPLEJO EDUCATIVO ""DOCTOR ORLANDO DE SOLA"".",GRANDE,1445,UNIFORMES,PANTALON AZUL,T10,8
18,70026,"COMPLEJO EDUCATIVO ""SAN BARTOLOMÉ APÓSTOL""",GRANDE,1505,UNIFORMES,PANTALON AZUL,T10,8
28,88103,"CENTRO ESCOLAR CATÓLICO ""NUESTRA SEÑORA DE LOS DOLORES”.",PEQUEÑA,49,UNIFORMES,PANTALON AZUL,T10,4
2,11345,"CENTRO ESCOLAR ""BENJAMIN BLOOM",GRANDE,1015,UNIFORMES,PANTALON AZUL,T12,90
4,13713,"CENTRO ESCOLAR ""URBANIZACION LAS MARGARITAS "" ",GRANDE,1509,UNIFORMES,PANTALON AZUL,T12,70
16,11763,"COMPLEJO EDUCATIVO ""DOCTOR ORLANDO DE SOLA"".",GRANDE,1445,UNIFORMES,PANTALON AZUL,T12,16
18,70026,"COMPLEJO EDUCATIVO ""SAN BARTOLOMÉ APÓSTOL""",GRANDE,1505,UNIFORMES,PANTALON AZUL,T12,28
28,88103,"CENTRO ESCOLAR CATÓLICO ""NUESTRA SEÑORA DE LOS DOLORES”.",PEQUEÑA,49,UNIFORMES,PANTALON AZUL,T12,14
2,11345,"CENTRO ESCOLAR ""BENJAMIN BLOOM",GRANDE,1015,UNIFORMES,PANTALON AZUL,T14,72
5,11492,"COMPLEJO EDUCATIVO ""IGNACIO PACHECO CASTRO""",GRANDE,2102,UNIFORMES,PANTALON AZUL,T14,48
15,11669,"CENTRO ESCOLAR ""GENERAL RAMON BELLOSO"" ",MEDIANA,300,UNIFORMES,PANTALON AZUL,T14,8
16,11763,"COMPLEJO EDUCATIVO ""DOCTOR ORLANDO DE SOLA"".",GRANDE,1445,UNIFORMES,PANTALON AZUL,T14,24
18,70026,"COMPLEJO EDUCATIVO ""SAN BARTOLOMÉ APÓSTOL""",GRANDE,1505,UNIFORMES,PANTALON AZUL,T14,38
25,86330,CENTRO ESCOLAR CANTÓN EL JUTILLO,PEQUEÑA,62,UNIFORMES,PANTALON AZUL,T14,2
28,88103,"CENTRO ESCOLAR CATÓLICO ""NUESTRA SEÑORA DE LOS DOLORES”.",PEQUEÑA,49,UNIFORMES,PANTALON AZUL,T14,8
30,90055,"CENTRO ESCOLAR ""4 DE OCTUBRE 2007""",PEQUEÑA,47,UNIFORMES,PANTALON AZUL,T14,1
2,11345,"CENTRO ESCOLAR ""BENJAMIN BLOOM",GRANDE,1015,UNIFORMES,PANTALON AZUL,T16,78
5,11492,"COMPLEJO EDUCATIVO ""IGNACIO PACHECO CASTRO""",GRANDE,2102,UNIFORMES,PANTALON AZUL,T16,24
15,11669,"CENTRO ESCOLAR ""GENERAL RAMON BELLOSO"" ",MEDIANA,300,UNIFORMES,PANTALON AZUL,T16,16
16,11763,"COMPLEJO EDUCATIVO ""DOCTOR ORLANDO DE SOLA"".",GRANDE,1445,UNIFORMES,PANTALON AZUL,T16,8
18,70026,"COMPLEJO EDUCATIVO ""SAN BARTOLOMÉ APÓSTOL""",GRANDE,1505,UNIFORMES,PANTALON AZUL,T16,44
29,88138,"ESCUELA DE EDUCACIÓN ESPECIAL CATÓLICA ""PADRE VITO GUARATO""",PEQUEÑA,59,UNIFORMES,PANTALON AZUL,T16,14
30,90055,"CENTRO ESCOLAR ""4 DE OCTUBRE 2007""",PEQUEÑA,47,UNIFORMES,PANTALON AZUL,T16,6
2,11345,"CENTRO ESCOLAR ""BENJAMIN BLOOM",GRANDE,1015,UNIFORMES,PANTALON AZUL,T18,70
5,11492,"COMPLEJO EDUCATIVO ""IGNACIO PACHECO CASTRO""",GRANDE,2102,UNIFORMES,PANTALON AZUL,T18,148
15,11669,"CENTRO ESCOLAR ""GENERAL RAMON BELLOSO"" ",MEDIANA,300,UNIFORMES,PANTALON AZUL,T18,6
16,11763,"COMPLEJO EDUCATIVO ""DOCTOR ORLANDO DE SOLA"".",GRANDE,1445,UNIFORMES,PANTALON AZUL,T18,2
18,70026,"COMPLEJO EDUCATIVO ""SAN BARTOLOMÉ APÓSTOL""",GRANDE,1505,UNIFORMES,PANTALON AZUL,T18,62
20,70071,"CENTRO ESCOLAR CASERÍO LOS PLANES, CANTÓN JOYA GRANDE",PEQUEÑA,46,UNIFORMES,PANTALON AZUL,T18,6
22,70094,"CENTRO ESCOLAR CASERÍO COMUNIDAD LOS HEROES, CANTÓN LAS FLORES",PEQUEÑA,51,UNIFORMES,PANTALON AZUL,T18,2
24,86326,"CENTRO ESCOLAR CASERÍO LA LOMA, CANTÓN EL TRANSITO 1",PEQUEÑA,33,UNIFORMES,PANTALON AZUL,T18,6
28,88103,"CENTRO ESCOLAR CATÓLICO ""NUESTRA SEÑORA DE LOS DOLORES”.",PEQUEÑA,49,UNIFORMES,PANTALON AZUL,T18,2
29,88138,"ESCUELA DE EDUCACIÓN ESPECIAL CATÓLICA ""PADRE VITO GUARATO""",PEQUEÑA,59,UNIFORMES,PANTALON AZUL,T18,10
30,90055,"CENTRO ESCOLAR ""4 DE OCTUBRE 2007""",PEQUEÑA,47,UNIFORMES,PANTALON AZUL,T18,13
2,11345,"CENTRO ESCOLAR ""BENJAMIN BLOOM",GRANDE,1015,UNIFORMES,PANTALON AZUL,T20,42
4,13713,"CENTRO ESCOLAR ""URBANIZACION LAS MARGARITAS "" ",GRANDE,1509,UNIFORMES,PANTALON AZUL,T20,80
15,11669,"CENTRO ESCOLAR ""GENERAL RAMON BELLOSO"" ",MEDIANA,300,UNIFORMES,PANTALON AZUL,T20,6
16,11763,"COMPLEJO EDUCATIVO ""DOCTOR ORLANDO DE SOLA"".",GRANDE,1445,UNIFORMES,PANTALON AZUL,T20,6
18,70026,"COMPLEJO EDUCATIVO ""SAN BARTOLOMÉ APÓSTOL""",GRANDE,1505,UNIFORMES,PANTALON AZUL,T20,52
25,86330,CENTRO ESCOLAR CANTÓN EL JUTILLO,PEQUEÑA,62,UNIFORMES,PANTALON AZUL,T20,4
29,88138,"ESCUELA DE EDUCACIÓN ESPECIAL CATÓLICA ""PADRE VITO GUARATO""",PEQUEÑA,59,UNIFORMES,PANTALON AZUL,T20,4
30,90055,"CENTRO ESCOLAR ""4 DE OCTUBRE 2007""",PEQUEÑA,47,UNIFORMES,PANTALON AZUL,T20,9
2,11345,"CENTRO ESCOLAR ""BENJAMIN BLOOM",GRANDE,1015,UNIFORMES,PANTALON AZUL,T22,34
4,13713,"CENTRO ESCOLAR ""URBANIZACION LAS MARGARITAS "" ",GRANDE,1509,UNIFORMES,PANTALON AZUL,T22,80
5,11492,"COMPLEJO EDUCATIVO ""IGNACIO PACHECO CASTRO""",GRANDE,2102,UNIFORMES,PANTALON AZUL,T22,68
18,70026,"COMPLEJO EDUCATIVO ""SAN BARTOLOMÉ APÓSTOL""",GRANDE,1505,UNIFORMES,PANTALON AZUL,T22,36
28,88103,"CENTRO ESCOLAR CATÓLICO ""NUESTRA SEÑORA DE LOS DOLORES”.",PEQUEÑA,49,UNIFORMES,PANTALON AZUL,T22,2
30,90055,"CENTRO ESCOLAR ""4 DE OCTUBRE 2007""",PEQUEÑA,47,UNIFORMES,PANTALON AZUL,T22,20
2,11345,"CENTRO ESCOLAR ""BENJAMIN BLOOM",GRANDE,1015,UNIFORMES,PANTALON AZUL,T1X,10
4,13713,"CENTRO ESCOLAR ""URBANIZACION LAS MARGARITAS "" ",GRANDE,1509,UNIFORMES,PANTALON AZUL,T1X,50
5,11492,"COMPLEJO EDUCATIVO ""IGNACIO PACHECO CASTRO""",GRANDE,2102,UNIFORMES,PANTALON AZUL,T1X,58
18,70026,"COMPLEJO EDUCATIVO ""SAN BARTOLOMÉ APÓSTOL""",GRANDE,1505,UNIFORMES,PANTALON AZUL,T1X,16
22,70094,"CENTRO ESCOLAR CASERÍO COMUNIDAD LOS HEROES, CANTÓN LAS FLORES",PEQUEÑA,51,UNIFORMES,PANTALON AZUL,T1X,2
23,86325,"CENTRO ESCOLAR ""CANTON TIERRA BLANCA""",PEQUEÑA,13,UNIFORMES,PANTALON AZUL,T1X,2
30,90055,"CENTRO ESCOLAR ""4 DE OCTUBRE 2007""",PEQUEÑA,47,UNIFORMES,PANTALON AZUL,T1X,7
2,11345,"CENTRO ESCOLAR ""BENJAMIN BLOOM",GRANDE,1015,UNIFORMES,PANTALON AZUL,T2X,8
4,13713,"CENTRO ESCOLAR ""URBANIZACION LAS MARGARITAS "" ",GRANDE,1509,UNIFORMES,PANTALON AZUL,T2X,50
5,11492,"COMPLEJO EDUCATIVO ""IGNACIO PACHECO CASTRO""",GRANDE,2102,UNIFORMES,PANTALON AZUL,T2X,40
18,70026,"COMPLEJO EDUCATIVO ""SAN BARTOLOMÉ APÓSTOL""",GRANDE,1505,UNIFORMES,PANTALON AZUL,T2X,38
29,88138,"ESCUELA DE EDUCACIÓN ESPECIAL CATÓLICA ""PADRE VITO GUARATO""",PEQUEÑA,59,UNIFORMES,PANTALON AZUL,T2X,2
30,90055,"CENTRO ESCOLAR ""4 DE OCTUBRE 2007""",PEQUEÑA,47,UNIFORMES,PANTALON AZUL,T2X,4
13,11611,"ESCUELA DE EDUCACION PARVULARIA ""JORGE LARDE"".",PEQUEÑA,47,UNIFORMES,FALDA AZUL,T4,2
2,11345,"CENTRO ESCOLAR ""BENJAMIN BLOOM",GRANDE,1015,UNIFORMES,FALDA AZUL,T6,4
4,13713,"CENTRO ESCOLAR ""URBANIZACION LAS MARGARITAS "" ",GRANDE,1509,UNIFORMES,FALDA AZUL,T6,70
18,70026,"COMPLEJO EDUCATIVO ""SAN BARTOLOMÉ APÓSTOL""",GRANDE,1505,UNIFORMES,FALDA AZUL,T6,10
24,86326,"CENTRO ESCOLAR CASERÍO LA LOMA, CANTÓN EL TRANSITO 1",PEQUEÑA,33,UNIFORMES,FALDA AZUL,T6,2
2,11345,"CENTRO ESCOLAR ""BENJAMIN BLOOM",GRANDE,1015,UNIFORMES,FALDA AZUL,T8,8
4,13713,"CENTRO ESCOLAR ""URBANIZACION LAS MARGARITAS "" ",GRANDE,1509,UNIFORMES,FALDA AZUL,T8,60
16,11763,"COMPLEJO EDUCATIVO ""DOCTOR ORLANDO DE SOLA"".",GRANDE,1445,UNIFORMES,FALDA AZUL,T8,2
18,70026,"COMPLEJO EDUCATIVO ""SAN BARTOLOMÉ APÓSTOL""",GRANDE,1505,UNIFORMES,FALDA AZUL,T8,16
28,88103,"CENTRO ESCOLAR CATÓLICO ""NUESTRA SEÑORA DE LOS DOLORES”.",PEQUEÑA,49,UNIFORMES,FALDA AZUL,T8,6
2,11345,"CENTRO ESCOLAR ""BENJAMIN BLOOM",GRANDE,1015,UNIFORMES,FALDA AZUL,T10,34
16,11763,"COMPLEJO EDUCATIVO ""DOCTOR ORLANDO DE SOLA"".",GRANDE,1445,UNIFORMES,FALDA AZUL,T10,10
18,70026,"COMPLEJO EDUCATIVO ""SAN BARTOLOMÉ APÓSTOL""",GRANDE,1505,UNIFORMES,FALDA AZUL,T10,8
22,70094,"CENTRO ESCOLAR CASERÍO COMUNIDAD LOS HEROES, CANTÓN LAS FLORES",PEQUEÑA,51,UNIFORMES,FALDA AZUL,T10,2
28,88103,"CENTRO ESCOLAR CATÓLICO ""NUESTRA SEÑORA DE LOS DOLORES”.",PEQUEÑA,49,UNIFORMES,FALDA AZUL,T10,2
2,11345,"CENTRO ESCOLAR ""BENJAMIN BLOOM",GRANDE,1015,UNIFORMES,FALDA AZUL,T12,92
4,13713,"CENTRO ESCOLAR ""URBANIZACION LAS MARGARITAS "" ",GRANDE,1509,UNIFORMES,FALDA AZUL,T12,100
5,11492,"COMPLEJO EDUCATIVO ""IGNACIO PACHECO CASTRO""",GRANDE,2102,UNIFORMES,FALDA AZUL,T12,140
15,11669,"CENTRO ESCOLAR ""GENERAL RAMON BELLOSO"" ",MEDIANA,300,UNIFORMES,FALDA AZUL,T12,6
16,11763,"COMPLEJO EDUCATIVO ""DOCTOR ORLANDO DE SOLA"".",GRANDE,1445,UNIFORMES,FALDA AZUL,T12,14
17,70018,"CENTRO ESCOLAR CASERÍO EL VERDIO, CANTÓN SAN ANTONIO GRANDE",PEQUEÑA,18,UNIFORMES,FALDA AZUL,T12,2
18,70026,"COMPLEJO EDUCATIVO ""SAN BARTOLOMÉ APÓSTOL""",GRANDE,1505,UNIFORMES,FALDA AZUL,T12,60
21,70088,"CENTRO ESCOLAR ""DOCTORA MATILDE ELENA LÓPEZ"".",PEQUEÑA,40,UNIFORMES,FALDA AZUL,T12,1
22,70094,"CENTRO ESCOLAR CASERÍO COMUNIDAD LOS HEROES, CANTÓN LAS FLORES",PEQUEÑA,51,UNIFORMES,FALDA AZUL,T12,6
28,88103,"CENTRO ESCOLAR CATÓLICO ""NUESTRA SEÑORA DE LOS DOLORES”.",PEQUEÑA,49,UNIFORMES,FALDA AZUL,T12,6
2,11345,"CENTRO ESCOLAR ""BENJAMIN BLOOM",GRANDE,1015,UNIFORMES,FALDA AZUL,T14,84
4,13713,"CENTRO ESCOLAR ""URBANIZACION LAS MARGARITAS "" ",GRANDE,1509,UNIFORMES,FALDA AZUL,T14,200
5,11492,"COMPLEJO EDUCATIVO ""IGNACIO PACHECO CASTRO""",GRANDE,2102,UNIFORMES,FALDA AZUL,T14,80
15,11669,"CENTRO ESCOLAR ""GENERAL RAMON BELLOSO"" ",MEDIANA,300,UNIFORMES,FALDA AZUL,T14,12
16,11763,"COMPLEJO EDUCATIVO ""DOCTOR ORLANDO DE SOLA"".",GRANDE,1445,UNIFORMES,FALDA AZUL,T14,26
17,70018,"CENTRO ESCOLAR CASERÍO EL VERDIO, CANTÓN SAN ANTONIO GRANDE",PEQUEÑA,18,UNIFORMES,FALDA AZUL,T14,2
18,70026,"COMPLEJO EDUCATIVO ""SAN BARTOLOMÉ APÓSTOL""",GRANDE,1505,UNIFORMES,FALDA AZUL,T14,84
20,70071,"CENTRO ESCOLAR CASERÍO LOS PLANES, CANTÓN JOYA GRANDE",PEQUEÑA,46,UNIFORMES,FALDA AZUL,T14,2
28,88103,"CENTRO ESCOLAR CATÓLICO ""NUESTRA SEÑORA DE LOS DOLORES”.",PEQUEÑA,49,UNIFORMES,FALDA AZUL,T14,4
2,11345,"CENTRO ESCOLAR ""BENJAMIN BLOOM",GRANDE,1015,UNIFORMES,FALDA AZUL,T16,82
4,13713,"CENTRO ESCOLAR ""URBANIZACION LAS MARGARITAS "" ",GRANDE,1509,UNIFORMES,FALDA AZUL,T16,200
15,11669,"CENTRO ESCOLAR ""GENERAL RAMON BELLOSO"" ",MEDIANA,300,UNIFORMES,FALDA AZUL,T16,10
16,11763,"COMPLEJO EDUCATIVO ""DOCTOR ORLANDO DE SOLA"".",GRANDE,1445,UNIFORMES,FALDA AZUL,T16,10
17,70018,"CENTRO ESCOLAR CASERÍO EL VERDIO, CANTÓN SAN ANTONIO GRANDE",PEQUEÑA,18,UNIFORMES,FALDA AZUL,T16,2
18,70026,"COMPLEJO EDUCATIVO ""SAN BARTOLOMÉ APÓSTOL""",GRANDE,1505,UNIFORMES,FALDA AZUL,T16,8
21,70088,"CENTRO ESCOLAR ""DOCTORA MATILDE ELENA LÓPEZ"".",PEQUEÑA,40,UNIFORMES,FALDA AZUL,T16,1
26,86396,CENTRO ESCOLAR CANTÓN SUCHINANGO,PEQUEÑA,45,UNIFORMES,FALDA AZUL,T16,4
2,11345,"CENTRO ESCOLAR ""BENJAMIN BLOOM",GRANDE,1015,UNIFORMES,FALDA AZUL,T18,70
4,13713,"CENTRO ESCOLAR ""URBANIZACION LAS MARGARITAS "" ",GRANDE,1509,UNIFORMES,FALDA AZUL,T18,200
5,11492,"COMPLEJO EDUCATIVO ""IGNACIO PACHECO CASTRO""",GRANDE,2102,UNIFORMES,FALDA AZUL,T18,50
15,11669,"CENTRO ESCOLAR ""GENERAL RAMON BELLOSO"" ",MEDIANA,300,UNIFORMES,FALDA AZUL,T18,6
18,70026,"COMPLEJO EDUCATIVO ""SAN BARTOLOMÉ APÓSTOL""",GRANDE,1505,UNIFORMES,FALDA AZUL,T18,18
2,11345,"CENTRO ESCOLAR ""BENJAMIN BLOOM",GRANDE,1015,UNIFORMES,FALDA AZUL,T20,24
4,13713,"CENTRO ESCOLAR ""URBANIZACION LAS MARGARITAS "" ",GRANDE,1509,UNIFORMES,FALDA AZUL,T20,150
5,11492,"COMPLEJO EDUCATIVO ""IGNACIO PACHECO CASTRO""",GRANDE,2102,UNIFORMES,FALDA AZUL,T20,50
15,11669,"CENTRO ESCOLAR ""GENERAL RAMON BELLOSO"" ",MEDIANA,300,UNIFORMES,FALDA AZUL,T20,4
16,11763,"COMPLEJO EDUCATIVO ""DOCTOR ORLANDO DE SOLA"".",GRANDE,1445,UNIFORMES,FALDA AZUL,T20,2
18,70026,"COMPLEJO EDUCATIVO ""SAN BARTOLOMÉ APÓSTOL""",GRANDE,1505,UNIFORMES,FALDA AZUL,T20,16
22,70094,"CENTRO ESCOLAR CASERÍO COMUNIDAD LOS HEROES, CANTÓN LAS FLORES",PEQUEÑA,51,UNIFORMES,FALDA AZUL,T20,2
28,88103,"CENTRO ESCOLAR CATÓLICO ""NUESTRA SEÑORA DE LOS DOLORES”.",PEQUEÑA,49,UNIFORMES,FALDA AZUL,T20,2
2,11345,"CENTRO ESCOLAR ""BENJAMIN BLOOM",GRANDE,1015,UNIFORMES,FALDA AZUL,T22,20
4,13713,"CENTRO ESCOLAR ""URBANIZACION LAS MARGARITAS "" ",GRANDE,1509,UNIFORMES,FALDA AZUL,T22,150
5,11492,"COMPLEJO EDUCATIVO ""IGNACIO PACHECO CASTRO""",GRANDE,2102,UNIFORMES,FALDA AZUL,T22,68
18,70026,"COMPLEJO EDUCATIVO ""SAN BARTOLOMÉ APÓSTOL""",GRANDE,1505,UNIFORMES,FALDA AZUL,T22,12
28,88103,"CENTRO ESCOLAR CATÓLICO ""NUESTRA SEÑORA DE LOS DOLORES”.",PEQUEÑA,49,UNIFORMES,FALDA AZUL,T22,2
2,11345,"CENTRO ESCOLAR ""BENJAMIN BLOOM",GRANDE,1015,UNIFORMES,FALDA AZUL,T1X,22
4,13713,"CENTRO ESCOLAR ""URBANIZACION LAS MARGARITAS "" ",GRANDE,1509,UNIFORMES,FALDA AZUL,T1X,80
5,11492,"COMPLEJO EDUCATIVO ""IGNACIO PACHECO CASTRO""",GRANDE,2102,UNIFORMES,FALDA AZUL,T1X,10
18,70026,"COMPLEJO EDUCATIVO ""SAN BARTOLOMÉ APÓSTOL""",GRANDE,1505,UNIFORMES,FALDA AZUL,T1X,4
4,13713,"CENTRO ESCOLAR ""URBANIZACION LAS MARGARITAS "" ",GRANDE,1509,UNIFORMES,FALDA AZUL,T2X,80
5,11492,"COMPLEJO EDUCATIVO ""IGNACIO PACHECO CASTRO""",GRANDE,2102,UNIFORMES,FALDA AZUL,T2X,10
15,11669,"CENTRO ESCOLAR ""GENERAL RAMON BELLOSO"" ",MEDIANA,300,UNIFORMES,FALDA AZUL,T2X,4
18,70026,"COMPLEJO EDUCATIVO ""SAN BARTOLOMÉ APÓSTOL""",GRANDE,1505,UNIFORMES,FALDA AZUL,T2X,4
21,70088,"CENTRO ESCOLAR ""DOCTORA MATILDE ELENA LÓPEZ"".",PEQUEÑA,40,UNIFORMES,FALDA AZUL,T2X,1
16,11763,"COMPLEJO EDUCATIVO ""DOCTOR ORLANDO DE SOLA"".",GRANDE,1445,UNIFORMES,FALDA BEIGE,T12,10
18,70026,"COMPLEJO EDUCATIVO ""SAN BARTOLOMÉ APÓSTOL""",GRANDE,1505,UNIFORMES,FALDA BEIGE,T12,26
5,11492,"COMPLEJO EDUCATIVO ""IGNACIO PACHECO CASTRO""",GRANDE,2102,UNIFORMES,FALDA BEIGE,T14,36
16,11763,"COMPLEJO EDUCATIVO ""DOCTOR ORLANDO DE SOLA"".",GRANDE,1445,UNIFORMES,FALDA BEIGE,T14,6
18,70026,"COMPLEJO EDUCATIVO ""SAN BARTOLOMÉ APÓSTOL""",GRANDE,1505,UNIFORMES,FALDA BEIGE,T14,22
5,11492,"COMPLEJO EDUCATIVO ""IGNACIO PACHECO CASTRO""",GRANDE,2102,UNIFORMES,FALDA BEIGE,T16,110
16,11763,"COMPLEJO EDUCATIVO ""DOCTOR ORLANDO DE SOLA"".",GRANDE,1445,UNIFORMES,FALDA BEIGE,T16,8
18,70026,"COMPLEJO EDUCATIVO ""SAN BARTOLOMÉ APÓSTOL""",GRANDE,1505,UNIFORMES,FALDA BEIGE,T16,26
5,11492,"COMPLEJO EDUCATIVO ""IGNACIO PACHECO CASTRO""",GRANDE,2102,UNIFORMES,FALDA BEIGE,T18,170
16,11763,"COMPLEJO EDUCATIVO ""DOCTOR ORLANDO DE SOLA"".",GRANDE,1445,UNIFORMES,FALDA BEIGE,T18,4
18,70026,"COMPLEJO EDUCATIVO ""SAN BARTOLOMÉ APÓSTOL""",GRANDE,1505,UNIFORMES,FALDA BEIGE,T18,4
5,11492,"COMPLEJO EDUCATIVO ""IGNACIO PACHECO CASTRO""",GRANDE,2102,UNIFORMES,FALDA BEIGE,T20,90
16,11763,"COMPLEJO EDUCATIVO ""DOCTOR ORLANDO DE SOLA"".",GRANDE,1445,UNIFORMES,FALDA BEIGE,T20,2
18,70026,"COMPLEJO EDUCATIVO ""SAN BARTOLOMÉ APÓSTOL""",GRANDE,1505,UNIFORMES,FALDA BEIGE,T20,4
5,11492,"COMPLEJO EDUCATIVO ""IGNACIO PACHECO CASTRO""",GRANDE,2102,UNIFORMES,FALDA BEIGE,T22,50
18,70026,"COMPLEJO EDUCATIVO ""SAN BARTOLOMÉ APÓSTOL""",GRANDE,1505,UNIFORMES,FALDA BEIGE,T22,6
5,11492,"COMPLEJO EDUCATIVO ""IGNACIO PACHECO CASTRO""",GRANDE,2102,UNIFORMES,FALDA BEIGE,T1X,12
18,70026,"COMPLEJO EDUCATIVO ""SAN BARTOLOMÉ APÓSTOL""",GRANDE,1505,UNIFORMES,FALDA BEIGE,T1X,2
5,11492,"COMPLEJO EDUCATIVO ""IGNACIO PACHECO CASTRO""",GRANDE,2102,UNIFORMES,FALDA BEIGE,T2X,12
18,70026,"COMPLEJO EDUCATIVO ""SAN BARTOLOMÉ APÓSTOL""",GRANDE,1505,UNIFORMES,FALDA BEIGE,T2X,2
16,11763,"COMPLEJO EDUCATIVO ""DOCTOR ORLANDO DE SOLA"".",GRANDE,1445,UNIFORMES,PANTALON BEIGE,T16,16
18,70026,"COMPLEJO EDUCATIVO ""SAN BARTOLOMÉ APÓSTOL""",GRANDE,1505,UNIFORMES,PANTALON BEIGE,T16,12
16,11763,"COMPLEJO EDUCATIVO ""DOCTOR ORLANDO DE SOLA"".",GRANDE,1445,UNIFORMES,PANTALON BEIGE,T18,22
18,70026,"COMPLEJO EDUCATIVO ""SAN BARTOLOMÉ APÓSTOL""",GRANDE,1505,UNIFORMES,PANTALON BEIGE,T18,14
5,11492,"COMPLEJO EDUCATIVO ""IGNACIO PACHECO CASTRO""",GRANDE,2102,UNIFORMES,PANTALON BEIGE,T20,184
16,11763,"COMPLEJO EDUCATIVO ""DOCTOR ORLANDO DE SOLA"".",GRANDE,1445,UNIFORMES,PANTALON BEIGE,T20,32
18,70026,"COMPLEJO EDUCATIVO ""SAN BARTOLOMÉ APÓSTOL""",GRANDE,1505,UNIFORMES,PANTALON BEIGE,T20,10
5,11492,"COMPLEJO EDUCATIVO ""IGNACIO PACHECO CASTRO""",GRANDE,2102,UNIFORMES,PANTALON BEIGE,T22,140
16,11763,"COMPLEJO EDUCATIVO ""DOCTOR ORLANDO DE SOLA"".",GRANDE,1445,UNIFORMES,PANTALON BEIGE,T22,8
18,70026,"COMPLEJO EDUCATIVO ""SAN BARTOLOMÉ APÓSTOL""",GRANDE,1505,UNIFORMES,PANTALON BEIGE,T22,10
5,11492,"COMPLEJO EDUCATIVO ""IGNACIO PACHECO CASTRO""",GRANDE,2102,UNIFORMES,PANTALON BEIGE,T1X,16
16,11763,"COMPLEJO EDUCATIVO ""DOCTOR ORLANDO DE SOLA"".",GRANDE,1445,UNIFORMES,PANTALON BEIGE,T1X,6
18,70026,"COMPLEJO EDUCATIVO ""SAN BARTOLOMÉ APÓSTOL""",GRANDE,1505,UNIFORMES,PANTALON BEIGE,T1X,16
5,11492,"COMPLEJO EDUCATIVO ""IGNACIO PACHECO CASTRO""",GRANDE,2102,UNIFORMES,PANTALON BEIGE,T2X,16
16,11763,"COMPLEJO EDUCATIVO ""DOCTOR ORLANDO DE SOLA"".",GRANDE,1445,UNIFORMES,PANTALON BEIGE,T2X,10
7,11559,"ESCUELA DE EDUCACION PARVULARIA ""SAN JACINTO""",PEQUEÑA,32,ZAPATOS,ZAPATOS,23,19
10,11576,"ESCUELA DE EDUCACION PARVULARIA ""COLONIA CENTRO AMERICA""",PEQUEÑA,65,ZAPATOS,ZAPATOS,23,3
11,11604,"SAN SALVADOR SAN SALVADOR 11604 ESCUELA DE EDUCACION PARVULARIA ""PROFESORA LUISA MORAN CASTRO"" ",PEQUEÑA,76,ZAPATOS,ZAPATOS,23,5
18,70026,"COMPLEJO EDUCATIVO ""SAN BARTOLOMÉ APÓSTOL""",GRANDE,1505,ZAPATOS,ZAPATOS,23,1
10,11576,"ESCUELA DE EDUCACION PARVULARIA ""COLONIA CENTRO AMERICA""",PEQUEÑA,65,ZAPATOS,ZAPATOS,24,5
11,11604,"SAN SALVADOR SAN SALVADOR 11604 ESCUELA DE EDUCACION PARVULARIA ""PROFESORA LUISA MORAN CASTRO"" ",PEQUEÑA,76,ZAPATOS,ZAPATOS,24,8
12,11607,"ESCUELA DE EDUCACION PARVULARIA ""PROFESORA MARIA ESCOBAR GRANILLO""",PEQUEÑA,43,ZAPATOS,ZAPATOS,24,4
18,70026,"COMPLEJO EDUCATIVO ""SAN BARTOLOMÉ APÓSTOL""",GRANDE,1505,ZAPATOS,ZAPATOS,24,8
1,10162,ESCUELA DE EDUCACION PARVULARIA SAN JACINTO,PEQUEÑA,19,ZAPATOS,ZAPATOS,25,7
7,11559,"ESCUELA DE EDUCACION PARVULARIA ""SAN JACINTO""",PEQUEÑA,32,ZAPATOS,ZAPATOS,25,1
10,11576,"ESCUELA DE EDUCACION PARVULARIA ""COLONIA CENTRO AMERICA""",PEQUEÑA,65,ZAPATOS,ZAPATOS,25,1
18,70026,"COMPLEJO EDUCATIVO ""SAN BARTOLOMÉ APÓSTOL""",GRANDE,1505,ZAPATOS,ZAPATOS,25,8
2,11345,"CENTRO ESCOLAR ""BENJAMIN BLOOM",GRANDE,1015,ZAPATOS,ZAPATOS,26,3
5,11492,"COMPLEJO EDUCATIVO ""IGNACIO PACHECO CASTRO""",GRANDE,2102,ZAPATOS,ZAPATOS,26,25
6,11554,"ESCUELA DE EDUCACION PARVULARIA "" LAS ABEJITAS",PEQUEÑA,53,ZAPATOS,ZAPATOS,26,2
12,11607,"ESCUELA DE EDUCACION PARVULARIA ""PROFESORA MARIA ESCOBAR GRANILLO""",PEQUEÑA,43,ZAPATOS,ZAPATOS,26,5
18,70026,"COMPLEJO EDUCATIVO ""SAN BARTOLOMÉ APÓSTOL""",GRANDE,1505,ZAPATOS,ZAPATOS,26,6
2,11345,"CENTRO ESCOLAR ""BENJAMIN BLOOM",GRANDE,1015,ZAPATOS,ZAPATOS,27,8
13,11611,"ESCUELA DE EDUCACION PARVULARIA ""JORGE LARDE"".",PEQUEÑA,47,ZAPATOS,ZAPATOS,27,1
16,11763,"COMPLEJO EDUCATIVO ""DOCTOR ORLANDO DE SOLA"".",GRANDE,1445,ZAPATOS,ZAPATOS,27,1
18,70026,"COMPLEJO EDUCATIVO ""SAN BARTOLOMÉ APÓSTOL""",GRANDE,1505,ZAPATOS,ZAPATOS,27,14
21,70088,"CENTRO ESCOLAR ""DOCTORA MATILDE ELENA LÓPEZ"".",PEQUEÑA,40,ZAPATOS,ZAPATOS,27,1
1,10162,ESCUELA DE EDUCACION PARVULARIA SAN JACINTO,PEQUEÑA,19,ZAPATOS,ZAPATOS,28,1
2,11345,"CENTRO ESCOLAR ""BENJAMIN BLOOM",GRANDE,1015,ZAPATOS,ZAPATOS,28,6
5,11492,"COMPLEJO EDUCATIVO ""IGNACIO PACHECO CASTRO""",GRANDE,2102,ZAPATOS,ZAPATOS,28,20
12,11607,"ESCUELA DE EDUCACION PARVULARIA ""PROFESORA MARIA ESCOBAR GRANILLO""",PEQUEÑA,43,ZAPATOS,ZAPATOS,28,1
13,11611,"ESCUELA DE EDUCACION PARVULARIA ""JORGE LARDE"".",PEQUEÑA,47,ZAPATOS,ZAPATOS,28,9
14,11617,"ESCUELA DE EDUCACION PARVULARIA ""CAPITAN GENERAL GERARDO BARRIOS""",PEQUEÑA,70,ZAPATOS,ZAPATOS,28,1
18,70026,"COMPLEJO EDUCATIVO ""SAN BARTOLOMÉ APÓSTOL""",GRANDE,1505,ZAPATOS,ZAPATOS,28,12
2,11345,"CENTRO ESCOLAR ""BENJAMIN BLOOM",GRANDE,1015,ZAPATOS,ZAPATOS,29,4
5,11492,"COMPLEJO EDUCATIVO ""IGNACIO PACHECO CASTRO""",GRANDE,2102,ZAPATOS,ZAPATOS,29,20
13,11611,"ESCUELA DE EDUCACION PARVULARIA ""JORGE LARDE"".",PEQUEÑA,47,ZAPATOS,ZAPATOS,29,6
18,70026,"COMPLEJO EDUCATIVO ""SAN BARTOLOMÉ APÓSTOL""",GRANDE,1505,ZAPATOS,ZAPATOS,29,11
1,10162,ESCUELA DE EDUCACION PARVULARIA SAN JACINTO,PEQUEÑA,19,ZAPATOS,ZAPATOS,30,1
2,11345,"CENTRO ESCOLAR ""BENJAMIN BLOOM",GRANDE,1015,ZAPATOS,ZAPATOS,30,5
8,11563,"ESCUELA DE EDUCACION PARVULARIA "" COLONIA ATONALT """,PEQUEÑA,14,ZAPATOS,ZAPATOS,30,1
9,11570,"ESCUELA DE EDUCACION PARVULARIA ""SAN MIGUELITO""",PEQUEÑA,42,ZAPATOS,ZAPATOS,30,1
13,11611,"ESCUELA DE EDUCACION PARVULARIA ""JORGE LARDE"".",PEQUEÑA,47,ZAPATOS,ZAPATOS,30,3
16,11763,"COMPLEJO EDUCATIVO ""DOCTOR ORLANDO DE SOLA"".",GRANDE,1445,ZAPATOS,ZAPATOS,30,1
18,70026,"COMPLEJO EDUCATIVO ""SAN BARTOLOMÉ APÓSTOL""",GRANDE,1505,ZAPATOS,ZAPATOS,30,20
1,10162,ESCUELA DE EDUCACION PARVULARIA SAN JACINTO,PEQUEÑA,19,ZAPATOS,ZAPATOS,31,3
2,11345,"CENTRO ESCOLAR ""BENJAMIN BLOOM",GRANDE,1015,ZAPATOS,ZAPATOS,31,6
9,11570,"ESCUELA DE EDUCACION PARVULARIA ""SAN MIGUELITO""",PEQUEÑA,42,ZAPATOS,ZAPATOS,31,2
13,11611,"ESCUELA DE EDUCACION PARVULARIA ""JORGE LARDE"".",PEQUEÑA,47,ZAPATOS,ZAPATOS,31,1
16,11763,"COMPLEJO EDUCATIVO ""DOCTOR ORLANDO DE SOLA"".",GRANDE,1445,ZAPATOS,ZAPATOS,31,1
18,70026,"COMPLEJO EDUCATIVO ""SAN BARTOLOMÉ APÓSTOL""",GRANDE,1505,ZAPATOS,ZAPATOS,31,9
27,88050,"ESCUELA DE EDUCACIÓN PARVULARIA CATÓLICA ""MARGARITA NASEAU""",PEQUEÑA,44,ZAPATOS,ZAPATOS,31,1
2,11345,"CENTRO ESCOLAR ""BENJAMIN BLOOM",GRANDE,1015,ZAPATOS,ZAPATOS,32,12
9,11570,"ESCUELA DE EDUCACION PARVULARIA ""SAN MIGUELITO""",PEQUEÑA,42,ZAPATOS,ZAPATOS,32,1
13,11611,"ESCUELA DE EDUCACION PARVULARIA ""JORGE LARDE"".",PEQUEÑA,47,ZAPATOS,ZAPATOS,32,6
16,11763,"COMPLEJO EDUCATIVO ""DOCTOR ORLANDO DE SOLA"".",GRANDE,1445,ZAPATOS,ZAPATOS,32,2
18,70026,"COMPLEJO EDUCATIVO ""SAN BARTOLOMÉ APÓSTOL""",GRANDE,1505,ZAPATOS,ZAPATOS,32,15
22,70094,"CENTRO ESCOLAR CASERÍO COMUNIDAD LOS HEROES, CANTÓN LAS FLORES",PEQUEÑA,51,ZAPATOS,ZAPATOS,32,1
25,86330,CENTRO ESCOLAR CANTÓN EL JUTILLO,PEQUEÑA,62,ZAPATOS,ZAPATOS,32,1
2,11345,"CENTRO ESCOLAR ""BENJAMIN BLOOM",GRANDE,1015,ZAPATOS,ZAPATOS,33,16
5,11492,"COMPLEJO EDUCATIVO ""IGNACIO PACHECO CASTRO""",GRANDE,2102,ZAPATOS,ZAPATOS,33,80
8,11563,"ESCUELA DE EDUCACION PARVULARIA "" COLONIA ATONALT """,PEQUEÑA,14,ZAPATOS,ZAPATOS,33,1
14,11617,"ESCUELA DE EDUCACION PARVULARIA ""CAPITAN GENERAL GERARDO BARRIOS""",PEQUEÑA,70,ZAPATOS,ZAPATOS,33,1
16,11763,"COMPLEJO EDUCATIVO ""DOCTOR ORLANDO DE SOLA"".",GRANDE,1445,ZAPATOS,ZAPATOS,33,5
18,70026,"COMPLEJO EDUCATIVO ""SAN BARTOLOMÉ APÓSTOL""",GRANDE,1505,ZAPATOS,ZAPATOS,33,8
22,70094,"CENTRO ESCOLAR CASERÍO COMUNIDAD LOS HEROES, CANTÓN LAS FLORES",PEQUEÑA,51,ZAPATOS,ZAPATOS,33,2
2,11345,"CENTRO ESCOLAR ""BENJAMIN BLOOM",GRANDE,1015,ZAPATOS,ZAPATOS,34,21
15,11669,"CENTRO ESCOLAR ""GENERAL RAMON BELLOSO"" ",MEDIANA,300,ZAPATOS,ZAPATOS,34,4
16,11763,"COMPLEJO EDUCATIVO ""DOCTOR ORLANDO DE SOLA"".",GRANDE,1445,ZAPATOS,ZAPATOS,34,7
18,70026,"COMPLEJO EDUCATIVO ""SAN BARTOLOMÉ APÓSTOL""",GRANDE,1505,ZAPATOS,ZAPATOS,34,9
2,11345,"CENTRO ESCOLAR ""BENJAMIN BLOOM",GRANDE,1015,ZAPATOS,ZAPATOS,35,21
4,13713,"CENTRO ESCOLAR ""URBANIZACION LAS MARGARITAS "" ",GRANDE,1509,ZAPATOS,ZAPATOS,35,15
5,11492,"COMPLEJO EDUCATIVO ""IGNACIO PACHECO CASTRO""",GRANDE,2102,ZAPATOS,ZAPATOS,35,128
15,11669,"CENTRO ESCOLAR ""GENERAL RAMON BELLOSO"" ",MEDIANA,300,ZAPATOS,ZAPATOS,35,6
16,11763,"COMPLEJO EDUCATIVO ""DOCTOR ORLANDO DE SOLA"".",GRANDE,1445,ZAPATOS,ZAPATOS,35,12
18,70026,"COMPLEJO EDUCATIVO ""SAN BARTOLOMÉ APÓSTOL""",GRANDE,1505,ZAPATOS,ZAPATOS,35,25
19,70065,CENTRO ESCOLAR CANTÓN SAN JOSÉ SEGUNDO,PEQUEÑA,18,ZAPATOS,ZAPATOS,35,2
25,86330,CENTRO ESCOLAR CANTÓN EL JUTILLO,PEQUEÑA,62,ZAPATOS,ZAPATOS,35,1
2,11345,"CENTRO ESCOLAR ""BENJAMIN BLOOM",GRANDE,1015,ZAPATOS,ZAPATOS,36,52
4,13713,"CENTRO ESCOLAR ""URBANIZACION LAS MARGARITAS "" ",GRANDE,1509,ZAPATOS,ZAPATOS,36,20
5,11492,"COMPLEJO EDUCATIVO ""IGNACIO PACHECO CASTRO""",GRANDE,2102,ZAPATOS,ZAPATOS,36,120
15,11669,"CENTRO ESCOLAR ""GENERAL RAMON BELLOSO"" ",MEDIANA,300,ZAPATOS,ZAPATOS,36,6
16,11763,"COMPLEJO EDUCATIVO ""DOCTOR ORLANDO DE SOLA"".",GRANDE,1445,ZAPATOS,ZAPATOS,36,14
18,70026,"COMPLEJO EDUCATIVO ""SAN BARTOLOMÉ APÓSTOL""",GRANDE,1505,ZAPATOS,ZAPATOS,36,25
2,11345,"CENTRO ESCOLAR ""BENJAMIN BLOOM",GRANDE,1015,ZAPATOS,ZAPATOS,37,40
4,13713,"CENTRO ESCOLAR ""URBANIZACION LAS MARGARITAS "" ",GRANDE,1509,ZAPATOS,ZAPATOS,37,30
5,11492,"COMPLEJO EDUCATIVO ""IGNACIO PACHECO CASTRO""",GRANDE,2102,ZAPATOS,ZAPATOS,37,173
15,11669,"CENTRO ESCOLAR ""GENERAL RAMON BELLOSO"" ",MEDIANA,300,ZAPATOS,ZAPATOS,37,8
16,11763,"COMPLEJO EDUCATIVO ""DOCTOR ORLANDO DE SOLA"".",GRANDE,1445,ZAPATOS,ZAPATOS,37,20
18,70026,"COMPLEJO EDUCATIVO ""SAN BARTOLOMÉ APÓSTOL""",GRANDE,1505,ZAPATOS,ZAPATOS,37,34
20,70071,"CENTRO ESCOLAR CASERÍO LOS PLANES, CANTÓN JOYA GRANDE",PEQUEÑA,46,ZAPATOS,ZAPATOS,37,1
30,90055,"CENTRO ESCOLAR ""4 DE OCTUBRE 2007""",PEQUEÑA,47,ZAPATOS,ZAPATOS,37,3
2,11345,"CENTRO ESCOLAR ""BENJAMIN BLOOM",GRANDE,1015,ZAPATOS,ZAPATOS,38,53
4,13713,"CENTRO ESCOLAR ""URBANIZACION LAS MARGARITAS "" ",GRANDE,1509,ZAPATOS,ZAPATOS,38,30
5,11492,"COMPLEJO EDUCATIVO ""IGNACIO PACHECO CASTRO""",GRANDE,2102,ZAPATOS,ZAPATOS,38,253
15,11669,"CENTRO ESCOLAR ""GENERAL RAMON BELLOSO"" ",MEDIANA,300,ZAPATOS,ZAPATOS,38,10
16,11763,"COMPLEJO EDUCATIVO ""DOCTOR ORLANDO DE SOLA"".",GRANDE,1445,ZAPATOS,ZAPATOS,38,17
18,70026,"COMPLEJO EDUCATIVO ""SAN BARTOLOMÉ APÓSTOL""",GRANDE,1505,ZAPATOS,ZAPATOS,38,61
30,90055,"CENTRO ESCOLAR ""4 DE OCTUBRE 2007""",PEQUEÑA,47,ZAPATOS,ZAPATOS,38,7
2,11345,"CENTRO ESCOLAR ""BENJAMIN BLOOM",GRANDE,1015,ZAPATOS,ZAPATOS,39,29
4,13713,"CENTRO ESCOLAR ""URBANIZACION LAS MARGARITAS "" ",GRANDE,1509,ZAPATOS,ZAPATOS,39,30
5,11492,"COMPLEJO EDUCATIVO ""IGNACIO PACHECO CASTRO""",GRANDE,2102,ZAPATOS,ZAPATOS,39,94
15,11669,"CENTRO ESCOLAR ""GENERAL RAMON BELLOSO"" ",MEDIANA,300,ZAPATOS,ZAPATOS,39,3
16,11763,"COMPLEJO EDUCATIVO ""DOCTOR ORLANDO DE SOLA"".",GRANDE,1445,ZAPATOS,ZAPATOS,39,17
18,70026,"COMPLEJO EDUCATIVO ""SAN BARTOLOMÉ APÓSTOL""",GRANDE,1505,ZAPATOS,ZAPATOS,39,33
30,90055,"CENTRO ESCOLAR ""4 DE OCTUBRE 2007""",PEQUEÑA,47,ZAPATOS,ZAPATOS,39,3
2,11345,"CENTRO ESCOLAR ""BENJAMIN BLOOM",GRANDE,1015,ZAPATOS,ZAPATOS,40,16
4,13713,"CENTRO ESCOLAR ""URBANIZACION LAS MARGARITAS "" ",GRANDE,1509,ZAPATOS,ZAPATOS,40,20
5,11492,"COMPLEJO EDUCATIVO ""IGNACIO PACHECO CASTRO""",GRANDE,2102,ZAPATOS,ZAPATOS,40,84
15,11669,"CENTRO ESCOLAR ""GENERAL RAMON BELLOSO"" ",MEDIANA,300,ZAPATOS,ZAPATOS,40,6
16,11763,"COMPLEJO EDUCATIVO ""DOCTOR ORLANDO DE SOLA"".",GRANDE,1445,ZAPATOS,ZAPATOS,40,17
18,70026,"COMPLEJO EDUCATIVO ""SAN BARTOLOMÉ APÓSTOL""",GRANDE,1505,ZAPATOS,ZAPATOS,40,24
25,86330,CENTRO ESCOLAR CANTÓN EL JUTILLO,PEQUEÑA,62,ZAPATOS,ZAPATOS,40,1
30,90055,"CENTRO ESCOLAR ""4 DE OCTUBRE 2007""",PEQUEÑA,47,ZAPATOS,ZAPATOS,40,6
2,11345,"CENTRO ESCOLAR ""BENJAMIN BLOOM",GRANDE,1015,ZAPATOS,ZAPATOS,41,18
5,11492,"COMPLEJO EDUCATIVO ""IGNACIO PACHECO CASTRO""",GRANDE,2102,ZAPATOS,ZAPATOS,41,5
15,11669,"CENTRO ESCOLAR ""GENERAL RAMON BELLOSO"" ",MEDIANA,300,ZAPATOS,ZAPATOS,41,4
16,11763,"COMPLEJO EDUCATIVO ""DOCTOR ORLANDO DE SOLA"".",GRANDE,1445,ZAPATOS,ZAPATOS,41,9
18,70026,"COMPLEJO EDUCATIVO ""SAN BARTOLOMÉ APÓSTOL""",GRANDE,1505,ZAPATOS,ZAPATOS,41,20
30,90055,"CENTRO ESCOLAR ""4 DE OCTUBRE 2007""",PEQUEÑA,47,ZAPATOS,ZAPATOS,41,2
2,11345,"CENTRO ESCOLAR ""BENJAMIN BLOOM",GRANDE,1015,ZAPATOS,ZAPATOS,42,6
5,11492,"COMPLEJO EDUCATIVO ""IGNACIO PACHECO CASTRO""",GRANDE,2102,ZAPATOS,ZAPATOS,42,5
16,11763,"COMPLEJO EDUCATIVO ""DOCTOR ORLANDO DE SOLA"".",GRANDE,1445,ZAPATOS,ZAPATOS,42,5
18,70026,"COMPLEJO EDUCATIVO ""SAN BARTOLOMÉ APÓSTOL""",GRANDE,1505,ZAPATOS,ZAPATOS,42,8
23,86325,"CENTRO ESCOLAR ""CANTON TIERRA BLANCA""",PEQUEÑA,13,ZAPATOS,ZAPATOS,42,1
30,90055,"CENTRO ESCOLAR ""4 DE OCTUBRE 2007""",PEQUEÑA,47,ZAPATOS,ZAPATOS,42,1
2,11345,"CENTRO ESCOLAR ""BENJAMIN BLOOM",GRANDE,1015,ZAPATOS,ZAPATOS,43,5
16,11763,"COMPLEJO EDUCATIVO ""DOCTOR ORLANDO DE SOLA"".",GRANDE,1445,ZAPATOS,ZAPATOS,43,2
18,70026,"COMPLEJO EDUCATIVO ""SAN BARTOLOMÉ APÓSTOL""",GRANDE,1505,ZAPATOS,ZAPATOS,43,5
2,11345,"CENTRO ESCOLAR ""BENJAMIN BLOOM",GRANDE,1015,ZAPATOS,ZAPATOS,44,5
16,11763,"COMPLEJO EDUCATIVO ""DOCTOR ORLANDO DE SOLA"".",GRANDE,1445,ZAPATOS,ZAPATOS,44,1
18,70026,"COMPLEJO EDUCATIVO ""SAN BARTOLOMÉ APÓSTOL""",GRANDE,1505,ZAPATOS,ZAPATOS,44,1
30,90055,"CENTRO ESCOLAR ""4 DE OCTUBRE 2007""",PEQUEÑA,47,ZAPATOS,ZAPATOS,44,1
2,11345,"CENTRO ESCOLAR ""BENJAMIN BLOOM",GRANDE,1015,ZAPATOS,ZAPATOS,45,3